{
  "timestamp": "2026-04-20T22:01:36.398539",
  "dataset": "custom",
  "sample_size": 2469,
  "config": {
    "embedding_model": "SentenceTransformer(\n  (0): Transformer({'max_seq_length': 256, 'do_lower_case': False, 'architecture': 'BertModel'})\n  (1): Pooling({'word_embedding_dimension': 384, 'pooling_mode_cls_token': False, 'pooling_mode_mean_tokens': True, 'pooling_mode_max_tokens': False, 'pooling_mode_mean_sqrt_len_tokens': False, 'pooling_mode_weightedmean_tokens': False, 'pooling_mode_lasttoken': False, 'include_prompt': True})\n  (2): Normalize()\n)"
  },
  "baselines": [
    {
      "baseline_name": "random",
      "total_triples": 2469,
      "accepted": 1238,
      "rejected": 1231,
      "acceptance_rate": 0.5014175779667882,
      "avg_confidence": 0.49892812657496316,
      "avg_time_ms": 0.0006392592116858419,
      "total_time_s": 0.008254289627075195,
      "true_positives": 481,
      "false_positives": 757,
      "true_negatives": 735,
      "false_negatives": 496,
      "precision": 0.388529886914378,
      "recall": 0.4923234390992835,
      "f1_score": 0.4343115124153499,
      "accuracy": 0.49250708788983394,
      "total_tokens": 0,
      "estimated_cost_usd": 0.0
    },
    {
      "baseline_name": "rules_only",
      "total_triples": 2469,
      "accepted": 1156,
      "rejected": 1313,
      "acceptance_rate": 0.4682057513163224,
      "avg_confidence": 0.780477926285904,
      "avg_time_ms": 0.015278102029620419,
      "total_time_s": 0.0522000789642334,
      "true_positives": 921,
      "false_positives": 235,
      "true_negatives": 1257,
      "false_negatives": 56,
      "precision": 0.7967128027681661,
      "recall": 0.9426816786079836,
      "f1_score": 0.8635724331926864,
      "accuracy": 0.8821385176184691,
      "total_tokens": 0,
      "estimated_cost_usd": 0.0
    },
    {
      "baseline_name": "embedding_only",
      "total_triples": 2469,
      "accepted": 1032,
      "rejected": 1437,
      "acceptance_rate": 0.41798298906439857,
      "avg_confidence": 0.6401401377076101,
      "avg_time_ms": 78.26922566555636,
      "total_time_s": 317.8315529823303,
      "true_positives": 977,
      "false_positives": 55,
      "true_negatives": 1437,
      "false_negatives": 0,
      "precision": 0.9467054263565892,
      "recall": 1.0,
      "f1_score": 0.9726231956197112,
      "accuracy": 0.9777237748076144,
      "total_tokens": 0,
      "estimated_cost_usd": 0.0
    },
    {
      "baseline_name": "rules_embedding",
      "total_triples": 2469,
      "accepted": 1156,
      "rejected": 1313,
      "acceptance_rate": 0.4682057513163224,
      "avg_confidence": 0.7103186715269209,
      "avg_time_ms": 76.09563049588333,
      "total_time_s": 187.9004671573639,
      "true_positives": 921,
      "false_positives": 235,
      "true_negatives": 1257,
      "false_negatives": 56,
      "precision": 0.7967128027681661,
      "recall": 0.9426816786079836,
      "f1_score": 0.8635724331926864,
      "accuracy": 0.8821385176184691,
      "total_tokens": 0,
      "estimated_cost_usd": 0.0
    },
    {
      "baseline_name": "rules_emb_no_penalty",
      "total_triples": 2469,
      "accepted": 1156,
      "rejected": 1313,
      "acceptance_rate": 0.4682057513163224,
      "avg_confidence": 0.7103186715269209,
      "avg_time_ms": 78.73435530309109,
      "total_time_s": 194.41345810890198,
      "true_positives": 921,
      "false_positives": 235,
      "true_negatives": 1257,
      "false_negatives": 56,
      "precision": 0.7967128027681661,
      "recall": 0.9426816786079836,
      "f1_score": 0.8635724331926864,
      "accuracy": 0.8821385176184691,
      "total_tokens": 0,
      "estimated_cost_usd": 0.0
    },
    {
      "baseline_name": "rules_emb_no_srcver",
      "total_triples": 2469,
      "accepted": 1156,
      "rejected": 1313,
      "acceptance_rate": 0.4682057513163224,
      "avg_confidence": 0.723814499797493,
      "avg_time_ms": 62.28174164788643,
      "total_time_s": 153.7914161682129,
      "true_positives": 921,
      "false_positives": 235,
      "true_negatives": 1257,
      "false_negatives": 56,
      "precision": 0.7967128027681661,
      "recall": 0.9426816786079836,
      "f1_score": 0.8635724331926864,
      "accuracy": 0.8821385176184691,
      "total_tokens": 0,
      "estimated_cost_usd": 0.0
    },
    {
      "baseline_name": "llm_only",
      "total_triples": 2469,
      "accepted": 879,
      "rejected": 1590,
      "acceptance_rate": 0.3560145808019441,
      "avg_confidence": 0.9358444714459805,
      "avg_time_ms": 7092.255998208196,
      "total_time_s": 17510.821609973907,
      "true_positives": 879,
      "false_positives": 0,
      "true_negatives": 1492,
      "false_negatives": 98,
      "precision": 1.0,
      "recall": 0.8996929375639714,
      "f1_score": 0.9471982758620691,
      "accuracy": 0.9603078169299312,
      "total_tokens": 1741033,
      "estimated_cost_usd": 22.53
    },
    {
      "baseline_name": "nli_only",
      "total_triples": 2469,
      "accepted": 2246,
      "rejected": 223,
      "acceptance_rate": 0.9096800324017821,
      "avg_confidence": 0.6911140466702141,
      "avg_time_ms": 28.63384818876258,
      "total_time_s": 70.73798298835754,
      "true_positives": 891,
      "false_positives": 1355,
      "true_negatives": 137,
      "false_negatives": 86,
      "precision": 0.3967052537845058,
      "recall": 0.9119754350051177,
      "f1_score": 0.552901023890785,
      "accuracy": 0.41636289995949777,
      "total_tokens": 0,
      "estimated_cost_usd": 0.0
    }
  ],
  "full_system": {
    "baseline_name": "full_system",
    "total_triples": 2469,
    "accepted": 1066,
    "rejected": 1199,
    "acceptance_rate": 0.4317537464560551,
    "avg_confidence": 0.0,
    "avg_time_ms": 0.0,
    "total_time_s": 8801.220612049103,
    "true_positives": 723,
    "false_positives": 343,
    "true_negatives": 1149,
    "false_negatives": 254,
    "precision": 0.6782363977485929,
    "recall": 0.7400204708290685,
    "f1_score": 0.7077826725403819,
    "accuracy": 0.7582017010935601,
    "total_tokens": 0,
    "estimated_cost_usd": 0.0
  },
  "mcnemar_results": {}
}