{
  "timestamp": "2026-02-23T00:52:01.475436",
  "dataset": "custom",
  "sample_size": 127,
  "config": {
    "embedding_model": "None"
  },
  "baselines": [
    {
      "baseline_name": "random",
      "total_triples": 127,
      "accepted": 73,
      "rejected": 54,
      "acceptance_rate": 0.5748031496062992,
      "avg_confidence": 0.4998242217190681,
      "avg_time_ms": 0.0006589363879106176,
      "total_time_s": 0.0006272792816162109,
      "true_positives": 37,
      "false_positives": 36,
      "true_negatives": 24,
      "false_negatives": 30,
      "precision": 0.5068493150684932,
      "recall": 0.5522388059701493,
      "f1_score": 0.5285714285714286,
      "accuracy": 0.48031496062992124,
      "total_tokens": 0,
      "estimated_cost_usd": 0.0
    },
    {
      "baseline_name": "rules_only",
      "total_triples": 127,
      "accepted": 76,
      "rejected": 51,
      "acceptance_rate": 0.5984251968503937,
      "avg_confidence": 0.8251968503937007,
      "avg_time_ms": 0.017855111069566623,
      "total_time_s": 0.0031890869140625,
      "true_positives": 61,
      "false_positives": 15,
      "true_negatives": 45,
      "false_negatives": 6,
      "precision": 0.8026315789473685,
      "recall": 0.9104477611940298,
      "f1_score": 0.8531468531468532,
      "accuracy": 0.8346456692913385,
      "total_tokens": 0,
      "estimated_cost_usd": 0.0
    },
    {
      "baseline_name": "embedding_only",
      "total_triples": 127,
      "accepted": 127,
      "rejected": 0,
      "acceptance_rate": 1.0,
      "avg_confidence": 0.8,
      "avg_time_ms": 38.83784211526706,
      "total_time_s": 5.068321943283081,
      "true_positives": 67,
      "false_positives": 60,
      "true_negatives": 0,
      "false_negatives": 0,
      "precision": 0.5275590551181102,
      "recall": 1.0,
      "f1_score": 0.6907216494845361,
      "accuracy": 0.5275590551181102,
      "total_tokens": 0,
      "estimated_cost_usd": 0.0
    },
    {
      "baseline_name": "rules_embedding",
      "total_triples": 127,
      "accepted": 76,
      "rejected": 51,
      "acceptance_rate": 0.5984251968503937,
      "avg_confidence": 0.7903149606299213,
      "avg_time_ms": 18.90745313148799,
      "total_time_s": 2.402238130569458,
      "true_positives": 61,
      "false_positives": 15,
      "true_negatives": 45,
      "false_negatives": 6,
      "precision": 0.8026315789473685,
      "recall": 0.9104477611940298,
      "f1_score": 0.8531468531468532,
      "accuracy": 0.8346456692913385,
      "total_tokens": 0,
      "estimated_cost_usd": 0.0
    },
    {
      "baseline_name": "rules_emb_no_penalty",
      "total_triples": 127,
      "accepted": 76,
      "rejected": 51,
      "acceptance_rate": 0.5984251968503937,
      "avg_confidence": 0.8251968503937007,
      "avg_time_ms": 0.01419247604730561,
      "total_time_s": 0.002560138702392578,
      "true_positives": 61,
      "false_positives": 15,
      "true_negatives": 45,
      "false_negatives": 6,
      "precision": 0.8026315789473685,
      "recall": 0.9104477611940298,
      "f1_score": 0.8531468531468532,
      "accuracy": 0.8346456692913385,
      "total_tokens": 0,
      "estimated_cost_usd": 0.0
    },
    {
      "baseline_name": "rules_emb_no_srcver",
      "total_triples": 127,
      "accepted": 76,
      "rejected": 51,
      "acceptance_rate": 0.5984251968503937,
      "avg_confidence": 0.7903149606299213,
      "avg_time_ms": 18.827826958003005,
      "total_time_s": 2.392021894454956,
      "true_positives": 61,
      "false_positives": 15,
      "true_negatives": 45,
      "false_negatives": 6,
      "precision": 0.8026315789473685,
      "recall": 0.9104477611940298,
      "f1_score": 0.8531468531468532,
      "accuracy": 0.8346456692913385,
      "total_tokens": 0,
      "estimated_cost_usd": 0.0
    }
  ],
  "full_system": {
    "baseline_name": "full_system",
    "total_triples": 127,
    "accepted": 57,
    "rejected": 45,
    "acceptance_rate": 0.44881889763779526,
    "avg_confidence": 0.0,
    "avg_time_ms": 0.0,
    "total_time_s": 4.0,
    "true_positives": 46,
    "false_positives": 11,
    "true_negatives": 49,
    "false_negatives": 21,
    "precision": 0.8070175438596491,
    "recall": 0.6865671641791045,
    "f1_score": 0.7419354838709676,
    "accuracy": 0.7480314960629921,
    "total_tokens": 0,
    "estimated_cost_usd": 0.0
  },
  "mcnemar_results": {}
}