{
  "timestamp": "2026-02-25T22:08:10.696888",
  "avg_f1": 0.6287143723468769,
  "avg_accuracy": 0.5881611031699319,
  "generalization_score": 0.0,
  "datasets": [
    {
      "dataset_name": "musique",
      "total_triples": 12836,
      "accepted": 3423,
      "rejected": 8470,
      "needs_review": 943,
      "acceptance_rate": 0.2666718603926457,
      "avg_confidence": 0.5824447051868517,
      "processing_time_s": 8950.306781053543,
      "true_positives": 4147,
      "false_positives": 4323,
      "true_negatives": 2848,
      "false_negatives": 575,
      "precision": 0.4896103896103896,
      "recall": 0.8782295637441762,
      "f1_score": 0.6287143723468769,
      "accuracy": 0.5881611031699319
    }
  ]
}